seq,timestamp_ms,tof_distance_mm,tof_signal_rate,tof_range_status,us_distance_mm,encoder_distance_mm,encoder_speed_mms,sensor_disagree,tof_meas_rate,gt_distance_mm,scenario_id,fixed_estimate_mm,fixed_residual,fixed_residual_var,fixed_residual_mean,fixed_kalman_gain,fixed_innovation_cov,cm_estimate_mm,cm_residual,cm_residual_var,cm_residual_mean,cm_kalman_gain,cm_innovation_cov,cm_R
0,7,522,3.641,0,0.000,0.000,0.000,522.000,0.000,0.000,1,522.000,0.000,0.000,0.000,0.000000,0.000,522.000,0.000,0.000,0.000,0.000000,0.000,24.000
1,25,527,3.555,0,488.432,0.000,0.000,38.568,5.000,0.000,1,524.551,5.000,0.000,0.000,0.510204,49.000,524.551,5.000,0.000,0.000,0.510204,49.000,24.000
2,45,510,3.625,0,488.432,0.000,0.000,21.568,-17.000,0.000,1,519.376,-14.551,0.000,0.000,0.355616,37.245,519.376,-14.551,0.000,0.000,0.355616,37.245,24.000
3,65,505,3.445,0,488.603,0.000,0.000,16.397,-5.000,0.000,1,515.289,-14.376,0.000,0.000,0.284325,33.535,515.289,-14.376,0.000,0.000,0.284325,33.535,24.000
4,85,518,3.664,0,488.603,0.000,0.000,29.397,13.000,0.000,1,515.955,2.711,0.000,0.000,0.245848,31.824,515.955,2.711,0.000,0.000,0.245848,31.824,24.000
5,105,510,3.555,0,488.603,0.000,0.000,21.397,-8.000,0.000,1,514.625,-5.955,0.000,0.000,0.223310,30.900,514.625,-5.955,0.000,0.000,0.223310,30.900,24.000
6,127,517,3.516,0,488.432,0.000,0.000,28.568,8.000,0.000,1,514.160,3.553,0.000,0.000,0.200728,30.027,514.160,3.553,0.000,0.000,0.200728,30.027,24.000
7,147,514,3.469,0,488.432,0.000,0.000,25.568,-3.000,0.000,1,514.129,-0.160,0.000,0.000,0.195103,29.817,514.129,-0.160,0.000,0.000,0.195103,29.817,24.000
8,167,514,3.484,0,488.432,0.000,0.000,25.568,0.000,0.000,1,514.104,-0.129,0.000,0.000,0.191442,29.682,514.104,-0.129,0.000,0.000,0.191442,29.682,24.000
9,185,513,3.398,0,488.432,0.000,0.000,24.568,-1.000,0.000,1,513.896,-1.104,0.000,0.000,0.189041,29.595,513.896,-1.104,0.000,0.000,0.189041,29.595,24.000
10,205,516,3.492,0,488.432,0.000,0.000,27.568,3.000,0.000,1,514.290,2.104,0.000,0.000,0.187460,29.537,514.290,2.104,0.000,0.000,0.187460,29.537,24.000
11,225,507,3.484,0,488.432,0.000,0.000,18.568,-9.000,0.000,1,512.931,-7.290,0.000,0.000,0.186414,29.499,512.931,-7.290,0.000,0.000,0.186414,29.499,24.000
12,245,498,3.602,0,488.432,0.000,0.000,9.568,-9.000,0.000,1,510.158,-14.931,0.000,0.000,0.185721,29.474,510.158,-14.931,0.000,0.000,0.185721,29.474,24.000
13,265,515,3.562,0,488.432,0.000,0.000,26.568,17.000,0.000,1,511.055,4.842,0.000,0.000,0.185262,29.457,511.055,4.842,0.000,0.000,0.185262,29.457,24.000
14,285,512,3.531,0,488.432,0.000,0.000,23.568,-3.000,0.000,1,511.230,0.945,0.000,0.000,0.184956,29.446,511.230,0.945,0.000,0.000,0.184956,29.446,24.000
15,305,502,3.539,0,488.432,0.000,0.000,13.568,-10.000,0.000,1,509.525,-9.230,0.000,0.000,0.184754,29.439,509.525,-9.230,0.000,0.000,0.184754,29.439,24.000
19,385,513,3.602,0,488.603,0.000,0.000,24.397,-6.000,0.000,1,510.989,2.465,46.418,-2.563,0.184404,29.426,510.033,3.335,46.891,-2.519,0.110469,53.238,47.357
20,405,511,3.586,0,488.603,0.000,0.000,22.397,-2.000,0.000,1,510.991,0.011,39.033,-1.835,0.184386,29.426,510.174,0.967,39.658,-1.743,0.145942,42.698,36.466
21,425,513,3.516,0,488.432,0.000,0.000,24.568,2.000,0.000,1,511.362,2.009,31.235,-1.015,0.184374,29.425,510.720,2.826,31.983,-0.883,0.192962,32.763,26.441
22,445,516,3.656,0,488.432,0.000,0.000,27.568,3.000,0.000,1,512.217,4.638,32.130,-0.919,0.184367,29.425,511.673,5.280,33.220,-0.755,0.180591,33.790,27.688
23,465,514,3.570,0,488.775,0.000,0.000,25.225,-2.000,0.000,1,512.545,1.783,31.077,-0.532,0.184361,29.425,512.106,2.327,32.171,-0.341,0.185837,32.287,26.287
24,485,521,3.359,0,488.775,0.000,0.000,32.225,7.000,0.000,1,514.104,8.455,33.323,0.172,0.184358,29.425,513.616,8.894,34.512,0.385,0.169793,34.660,28.775
25,505,519,3.422,0,488.775,0.000,0.000,30.225,-2.000,0.000,1,515.007,4.896,33.862,0.239,0.184356,29.425,514.509,5.384,35.251,0.477,0.165898,35.479,29.593
26,525,509,3.461,0,488.603,0.000,0.000,20.397,-10.000,0.000,1,513.899,-6.007,35.719,-0.053,0.184354,29.425,513.629,-5.509,36.951,0.209,0.159736,36.995,31.085
27,547,507,3.461,0,488.603,0.000,0.000,18.397,-7.000,0.000,1,512.643,-6.918,37.943,-0.333,0.184353,29.424,512.664,-6.689,39.175,-0.045,0.153245,39.177,33.173
28,567,505,3.578,0,488.603,0.000,0.000,16.397,-2.000,0.000,1,511.234,-7.643,40.081,-0.820,0.184352,29.424,511.551,-7.664,41.608,-0.533,0.145221,41.892,35.808
29,587,511,3.555,0,488.603,0.000,0.000,22.397,6.000,0.000,1,511.191,-0.234,37.880,-0.467,0.184352,29.424,511.464,-0.551,39.212,-0.196,0.157966,39.250,33.050
30,605,508,3.461,0,488.603,0.000,0.000,19.397,-3.000,0.000,1,510.602,-3.191,27.446,0.120,0.184352,29.424,510.713,-3.464,28.561,0.377,0.216727,28.703,22.482
31,625,505,3.508,0,488.432,0.000,0.000,16.568,-3.000,0.000,1,509.570,-5.602,27.696,-0.402,0.184351,29.424,509.563,-5.713,29.140,-0.151,0.201370,29.163,23.290
32,645,513,3.523,0,488.432,0.000,0.000,24.568,8.000,0.000,1,510.202,3.430,28.324,-0.278,0.184351,29.424,510.221,3.437,29.708,-0.026,0.191524,29.709,24.019
33,665,514,3.516,0,488.603,0.000,0.000,25.397,1.000,0.000,1,510.902,3.798,24.724,0.373,0.184351,29.424,511.030,3.779,25.774,0.624,0.214047,26.164,20.563
34,685,509,3.547,0,488.603,0.000,0.000,20.397,-5.000,0.000,1,510.551,-1.902,24.429,0.105,0.184351,29.424,510.604,-2.030,25.644,0.349,0.209640,25.766,20.364
35,705,520,3.438,0,488.603,0.000,0.000,31.397,11.000,0.000,1,512.293,9.449,26.871,0.835,0.184351,29.424,512.321,9.396,27.685,1.077,0.182671,28.845,23.576
36,725,513,3.523,0,488.603,0.000,0.000,24.397,-7.000,0.000,1,512.424,0.707,26.015,1.031,0.184351,29.424,512.448,0.679,26.734,1.272,0.187170,28.352,23.045
37,747,515,3.500,0,488.603,0.000,0.000,26.397,6.000,0.000,1,512.384,3.208,22.345,0.378,0.184351,29.424,512.393,3.330,23.221,0.580,0.217130,23.558,18.442
38,767,510,3.680,0,488.603,0.000,0.000,21.397,-5.000,0.000,1,511.944,-2.384,22.705,0.258,0.184351,29.424,511.890,-2.393,23.627,0.412,0.210295,23.797,18.793
39,787,513,3.453,0,488.603,0.000,0.000,24.397,3.000,0.000,1,512.139,1.056,22.581,0.211,0.184351,29.424,512.124,1.110,23.353,0.326,0.211087,23.460,18.508
40,805,518,3.578,0,488.603,0.000,0.000,29.397,5.000,0.000,1,513.219,5.861,23.194,0.272,0.184351,29.424,513.336,5.876,23.665,0.356,0.206237,23.792,18.885
41,825,527,3.453,0,488.260,0.000,0.000,38.740,9.000,0.000,1,515.760,13.781,31.844,0.872,0.184351,29.424,515.372,13.664,32.004,0.923,0.148976,32.856,27.961
42,845,510,3.656,0,488.260,0.000,0.000,21.740,-17.000,0.000,1,514.698,-5.760,30.663,0.161,0.184351,29.424,514.457,-5.372,30.299,0.210,0.170237,30.343,25.178
43,865,522,3.438,0,488.260,0.000,0.000,33.740,12.000,0.000,1,516.044,7.302,32.077,0.281,0.184351,29.424,515.714,7.543,31.638,0.318,0.166555,31.738,26.452
44,885,511,3.641,0,488.260,0.000,0.000,22.740,-11.000,0.000,1,515.114,-5.044,31.516,0.330,0.184351,29.424,514.900,-4.714,31.204,0.357,0.172532,31.332,25.926
45,905,518,3.531,0,488.260,0.000,0.000,29.740,7.000,0.000,1,515.646,2.886,31.820,0.469,0.184351,29.424,515.434,3.100,31.562,0.494,0.172080,31.805,26.332
46,925,510,3.625,0,488.432,0.000,0.000,21.568,-8.000,0.000,1,514.605,-5.646,30.958,0.532,0.184351,29.424,514.466,-5.434,30.735,0.557,0.178172,31.045,25.513
47,945,503,3.570,0,488.432,0.000,0.000,14.568,-7.000,0.000,1,512.466,-11.605,34.943,0.334,0.184351,29.424,512.632,-11.466,34.546,0.367,0.159909,34.681,29.135
48,967,513,3.523,0,488.432,0.000,0.000,24.568,-6.000,0.000,1,513.547,-0.671,36.063,0.799,0.184351,29.424,513.516,-0.614,35.381,0.855,0.160229,36.112,30.326
49,987,508,3.539,0,488.432,0.000,0.000,19.568,-5.000,0.000,1,512.524,-5.547,36.027,0.801,0.184351,29.424,512.618,-5.516,35.253,0.865,0.162747,36.001,30.142
50,1007,512,3.578,0,488.432,0.000,0.000,23.568,4.000,0.000,1,512.428,-0.524,35.730,0.604,0.184351,29.424,512.515,-0.618,34.991,0.662,0.166684,35.430,29.524
51,1025,518,3.453,0,488.432,0.000,0.000,29.568,6.000,0.000,1,513.455,5.572,36.447,0.692,0.184351,29.424,513.412,5.485,35.661,0.747,0.163479,36.220,30.299
52,1045,513,3.633,0,488.432,0.000,0.000,24.568,-5.000,0.000,1,513.371,-0.455,36.171,0.765,0.184351,29.424,513.344,-0.412,35.336,0.828,0.165264,36.022,30.069
54,1085,508,3.586,0,488.432,0.000,0.000,19.568,-6.000,0.000,1,512.476,-5.487,33.792,0.014,0.184351,29.424,512.502,-5.468,33.094,0.084,0.176511,33.101,27.259
55,1105,520,3.547,0,488.432,0.000,0.000,31.568,12.000,0.000,1,513.863,7.524,35.722,0.561,0.184351,29.424,513.736,7.498,34.919,0.631,0.164548,35.318,29.506
56,1125,509,3.594,0,488.432,0.000,0.000,20.568,-11.000,0.000,1,512.966,-4.863,36.680,0.158,0.184351,29.424,512.963,-4.736,35.833,0.228,0.163166,35.885,30.030
57,1145,509,3.570,0,488.432,0.000,0.000,20.568,0.000,0.000,1,512.235,-3.966,37.201,0.079,0.184351,29.424,512.321,-3.963,36.362,0.149,0.162155,36.384,30.484
58,1167,510,3.516,0,488.603,0.000,0.000,21.397,4.000,0.000,1,510.885,-1.086,37.036,-0.633,0.184351,29.424,511.120,-1.340,36.344,-0.583,0.164145,36.684,30.662
59,1187,507,3.469,0,488.603,0.000,0.000,18.397,-3.000,0.000,1,510.169,-3.885,26.397,-1.516,0.184351,29.424,510.239,-4.120,26.030,-1.472,0.213958,28.197,22.164
60,1207,518,3.508,0,488.603,0.000,0.000,29.397,11.000,0.000,1,511.613,7.831,29.403,-0.837,0.184351,29.424,511.736,7.761,29.101,-0.816,0.192909,29.766,24.024
61,1225,511,3.516,0,488.432,0.000,0.000,22.568,-7.000,0.000,1,511.500,-0.613,25.937,-1.233,0.184351,29.424,511.582,-0.736,25.437,-1.229,0.209081,26.949,21.314
62,1245,512,3.578,0,488.432,0.000,0.000,23.568,1.000,0.000,1,511.592,0.500,25.284,-0.955,0.184351,29.424,511.670,0.418,24.900,-0.973,0.211107,25.847,20.390
63,1265,508,3.617,0,488.432,0.000,0.000,19.568,-4.000,0.000,1,510.930,-3.592,24.789,-1.279,0.184351,29.424,510.923,-3.670,24.320,-1.311,0.203708,26.040,20.735
64,1285,506,3.656,0,488.432,0.000,0.000,17.568,-2.000,0.000,1,510.021,-4.930,24.501,-1.243,0.184351,29.424,509.925,-4.923,24.122,-1.286,0.202673,25.775,20.551
65,1305,513,3.531,0,488.432,0.000,0.000,24.568,7.000,0.000,1,510.570,2.979,19.492,-0.514,0.184351,29.424,510.732,3.075,19.363,-0.559,0.262525,19.675,14.510
66,1325,501,3.523,0,488.603,0.000,0.000,12.397,-12.000,0.000,1,508.806,-9.570,20.460,-1.319,0.184351,29.424,508.641,-9.732,20.523,-1.364,0.214856,22.383,17.574
67,1345,511,3.555,0,488.603,0.000,0.000,22.397,10.000,0.000,1,509.210,2.194,21.036,-1.176,0.184351,29.424,509.139,2.359,21.166,-1.215,0.210925,22.643,17.867
68,1365,512,3.492,0,488.260,0.000,0.000,23.740,1.000,0.000,1,509.725,2.790,20.693,-0.759,0.184351,29.424,509.772,2.861,20.897,-0.796,0.221475,21.531,16.762
69,1387,516,3.516,0,488.260,0.000,0.000,27.740,6.000,0.000,1,510.923,6.225,21.173,-0.687,0.184351,29.424,511.141,6.178,21.401,-0.719,0.213530,21.918,17.238
70,1407,519,3.508,0,488.260,0.000,0.000,30.740,3.000,0.000,1,512.412,8.077,24.828,-0.260,0.184351,29.424,512.613,7.859,24.904,-0.306,0.187251,24.998,20.317
72,1445,514,3.539,0,488.432,0.000,0.000,25.568,12.000,0.000,1,511.139,3.507,29.275,-0.362,0.184351,29.424,511.468,3.053,29.383,-0.443,0.170736,29.579,24.529
73,1465,500,3.633,0,488.603,0.000,0.000,11.397,-14.000,0.000,1,509.086,-11.139,31.101,-1.296,0.184351,29.424,509.684,-11.468,31.408,-1.392,0.155587,33.345,28.157
74,1485,525,3.492,0,488.603,0.000,0.000,36.397,25.000,0.000,1,512.019,15.914,44.195,-0.257,0.184351,29.424,511.559,15.316,43.801,-0.389,0.122424,43.952,38.571
75,1505,502,3.531,0,488.603,0.000,0.000,13.397,-23.000,0.000,1,510.172,-10.019,48.181,-0.559,0.184351,29.424,510.413,-9.559,47.288,-0.669,0.119870,47.736,42.013
76,1525,516,3.609,0,488.775,0.000,0.000,27.225,14.000,0.000,1,511.247,5.828,48.246,0.044,0.184351,29.424,511.126,5.587,47.293,-0.073,0.127618,47.299,41.262
77,1545,514,3.555,0,488.775,0.000,0.000,25.225,-2.000,0.000,1,511.754,2.753,48.512,0.236,0.184351,29.424,511.504,2.874,47.603,0.137,0.131575,47.622,41.356
78,1565,521,3.586,0,488.603,0.000,0.000,32.397,7.000,0.000,1,513.459,9.246,51.291,0.892,0.184351,29.424,512.697,9.496,50.612,0.818,0.125609,51.281,44.840
79,1587,510,3.508,0,488.603,0.000,0.000,21.397,4.000,0.000,1,511.700,-2.084,51.998,0.054,0.184351,29.424,511.575,-1.818,50.648,0.041,0.133494,50.650,43.889
80,1607,510,3.602,0,488.603,0.000,0.000,21.397,0.000,0.000,1,511.386,-1.700,52.130,-0.056,0.184351,29.424,511.362,-1.575,50.762,-0.059,0.135109,50.765,43.907
81,1627,508,3.586,0,488.775,0.000,0.000,19.225,-2.000,0.000,1,510.762,-3.386,52.059,-0.046,0.184351,29.424,510.902,-3.362,50.655,-0.043,0.136845,50.657,43.725
82,1645,504,3.531,0,488.775,0.027,1.799,15.225,-4.000,0.000,1,509.493,-6.735,53.096,-0.136,0.184351,29.424,509.948,-6.875,51.789,-0.141,0.134794,51.809,44.825
83,1665,522,3.445,0,488.603,0.027,0.000,33.397,18.000,0.000,1,511.799,12.507,60.375,0.341,0.184351,29.424,511.397,12.052,58.503,0.308,0.120178,58.598,51.556
84,1685,502,3.453,0,488.603,0.027,0.000,13.397,-20.000,0.000,1,509.993,-9.799,60.604,0.329,0.184351,29.424,510.237,-9.397,58.172,0.325,0.123477,58.277,51.081
85,1705,503,3.602,0,488.603,0.081,1.799,14.397,1.000,0.000,1,508.681,-6.966,62.881,-0.129,0.184351,29.424,509.340,-7.210,60.574,-0.154,0.120588,60.598,53.291
86,1725,524,3.508,0,488.260,0.162,4.048,35.740,21.000,0.000,1,511.439,15.400,74.115,0.502,0.184351,29.424,510.800,14.741,70.859,0.440,0.104516,71.053,63.627
87,1745,520,3.688,0,488.260,0.297,4.048,31.740,-4.000,0.000,1,512.952,8.642,77.250,0.920,0.184351,29.424,511.661,9.281,74.560,0.893,0.101516,75.357,67.707
88,1765,522,3.461,0,492.548,0.486,7.196,29.452,2.000,0.000,1,514.532,9.156,79.213,1.067,0.184351,29.424,512.596,10.447,77.682,1.107,0.099782,78.906,71.033
89,1785,512,3.531,0,492.548,0.729,10.794,19.452,-10.000,0.000,1,513.889,-2.316,77.058,0.547,0.184351,29.424,512.339,-0.380,75.343,0.695,0.106663,75.825,67.738
90,1807,511,3.500,0,492.548,1.052,16.191,18.452,2.000,0.000,1,512.244,-1.525,72.162,0.585,0.184351,29.424,511.414,-0.469,69.408,0.896,0.117758,70.210,61.942
91,1827,515,3.508,0,486.374,1.457,20.239,28.626,4.000,0.000,1,512.422,3.161,65.110,1.300,0.184351,29.424,511.523,3.991,61.646,1.669,0.128731,64.430,56.136
92,1847,509,3.508,0,486.374,1.889,21.588,22.626,-6.000,0.000,1,511.439,-2.990,54.458,0.355,0.184351,29.424,510.766,-2.091,52.282,0.798,0.155452,52.920,44.693
93,1865,510,3.516,0,494.777,2.348,23.387,15.223,1.000,0.000,1,510.887,-1.088,48.981,0.801,0.184351,29.424,510.347,-0.415,46.783,1.255,0.164345,48.359,40.412
94,1885,515,3.609,0,494.777,2.887,25.636,20.223,5.000,0.000,1,511.227,4.625,48.446,0.741,0.184351,29.424,510.654,5.166,46.609,1.234,0.158757,48.133,40.492
95,1905,502,3.547,0,494.777,3.481,28.784,7.223,-13.000,0.000,1,509.174,-8.796,52.457,0.164,0.184351,29.424,509.027,-8.223,50.639,0.680,0.145367,51.101,43.672
96,1925,516,3.539,0,488.603,4.183,32.382,27.397,14.000,0.000,1,509.904,7.474,50.997,0.075,0.184351,29.424,509.511,7.620,49.153,0.586,0.148467,49.496,42.147
97,1945,507,3.633,0,488.603,4.911,35.081,18.397,-9.000,0.000,1,508.797,-2.203,48.349,0.338,0.184351,29.424,508.533,-1.809,46.728,0.830,0.153057,47.417,40.159
98,1965,510,3.656,0,490.661,5.775,39.578,19.339,3.000,0.000,1,508.534,1.797,48.125,0.532,0.184351,29.424,508.249,2.061,46.415,1.024,0.150570,47.464,40.317
99,1985,519,3.727,0,490.661,6.638,43.176,28.339,9.000,0.000,1,509.759,11.329,53.281,1.183,0.184351,29.424,508.904,11.614,51.250,1.684,0.130732,54.085,47.014
100,2007,504,3.758,0,490.661,7.583,46.774,13.339,-2.000,0.000,1,506.968,-3.638,51.052,1.364,0.184351,29.424,506.621,-3.044,48.048,1.943,0.138853,51.822,44.626
101,2027,502,3.719,0,478.314,8.608,51.272,23.686,-2.000,0.000,1,505.215,-3.942,45.576,0.542,0.184351,29.424,505.024,-3.596,43.861,1.160,0.159191,45.207,38.010
102,2047,505,3.734,0,478.314,9.634,51.272,26.686,3.000,0.000,1,504.339,0.810,39.952,1.072,0.184351,29.424,504.171,1.002,38.019,1.680,0.172639,40.842,33.791
103,2065,500,3.688,0,476.255,10.740,53.970,23.745,-5.000,0.000,1,502.879,-3.530,37.751,1.244,0.184351,29.424,502.770,-3.362,35.302,1.873,0.176088,38.808,31.974
104,2085,500,3.766,0,476.255,11.873,56.668,23.745,0.000,0.000,1,501.424,-1.746,27.444,0.387,0.184351,29.424,501.250,-1.636,26.967,1.054,0.236145,28.077,21.447
105,2105,508,3.734,0,476.255,13.061,59.367,31.745,8.000,0.000,1,501.668,7.763,26.756,0.343,0.184351,29.424,501.851,7.937,25.947,0.987,0.225278,26.921,20.856
106,2125,506,3.828,0,478.142,14.302,59.367,27.858,-2.000,0.000,1,501.740,5.223,24.024,0.146,0.184351,29.424,502.223,5.040,22.221,0.716,0.250658,22.734,17.035
107,2145,505,3.828,0,478.142,15.624,64.764,26.858,-1.000,0.000,1,501.285,4.555,24.575,0.490,0.184351,29.424,501.839,4.072,22.674,0.939,0.223729,23.555,18.285
109,2185,503,3.719,0,470.424,18.350,66.563,32.576,2.000,0.000,1,499.864,3.845,23.341,1.041,0.184351,29.424,500.334,3.375,21.942,1.309,0.210056,23.655,18.686
110,2205,497,3.703,0,470.424,19.780,70.161,26.576,-6.000,0.000,1,498.191,-1.461,23.376,0.810,0.184351,29.424,498.518,-1.931,22.020,1.012,0.213718,23.045,18.120
111,2227,502,3.758,0,480.543,21.264,73.759,21.457,13.000,0.000,1,495.622,7.820,28.514,1.019,0.184351,29.424,495.725,7.575,27.671,1.115,0.171588,28.914,23.952
112,2247,494,3.750,0,480.543,22.829,78.257,13.457,-8.000,0.000,1,494.046,-0.057,27.867,0.785,0.184351,29.424,494.130,-0.160,26.861,0.849,0.185273,27.581,22.471
113,2267,496,3.922,0,468.195,24.448,80.955,27.805,2.000,0.000,1,493.086,3.573,23.283,1.404,0.184351,29.424,493.237,3.489,22.752,1.434,0.208121,24.809,19.646
114,2285,491,3.820,0,468.195,26.094,82.754,22.805,-5.000,0.000,1,491.689,-0.844,21.521,0.988,0.184351,29.424,491.765,-0.996,20.948,1.003,0.231777,21.955,16.866
115,2305,492,3.922,0,468.195,27.876,86.352,23.805,1.000,0.000,1,490.337,2.038,21.022,1.200,0.184351,29.424,490.476,1.962,20.563,1.192,0.223312,21.984,17.074
116,2325,490,3.852,0,468.366,29.684,89.950,21.634,-2.000,0.000,1,489.175,1.012,21.004,1.161,0.184351,29.424,489.320,0.873,20.527,1.133,0.220682,21.809,16.996
117,2345,489,3.922,0,468.366,31.572,93.098,20.634,-1.000,0.000,1,487.624,1.687,15.616,0.679,0.184351,29.424,487.940,1.542,14.788,0.629,0.312888,15.184,10.433
118,2365,493,3.930,0,454.132,33.488,94.448,38.868,4.000,0.000,1,487.074,7.265,16.899,1.185,0.184351,29.424,487.755,6.949,16.235,1.077,0.245143,17.395,13.131
119,2385,485,3.945,0,454.132,35.458,97.146,30.868,-8.000,0.000,1,485.503,-0.617,15.875,1.336,0.184351,29.424,485.976,-1.297,15.660,1.164,0.247939,17.016,12.797
120,2405,482,3.961,0,454.132,37.509,99.844,27.868,-3.000,0.000,1,483.229,-1.506,14.871,1.458,0.184351,29.424,483.480,-1.979,15.015,1.245,0.251906,16.565,12.392
121,2427,478,4.102,0,453.960,39.614,104.342,24.040,1.000,0.000,1,478.669,-0.820,15.426,1.346,0.184351,29.424,478.604,-0.800,15.734,1.103,0.244824,16.951,12.801
122,2447,471,4.125,0,453.960,41.773,107.940,17.040,-7.000,0.000,1,475.495,-5.510,17.263,1.157,0.184351,29.424,475.215,-5.445,17.467,0.913,0.225906,18.300,14.166
123,2467,475,4.039,0,443.671,43.932,107.940,31.329,4.000,0.000,1,473.643,1.664,15.001,0.852,0.184351,29.424,473.588,1.944,14.963,0.613,0.273828,15.339,11.138
124,2485,473,4.172,0,443.671,46.090,109.739,29.329,-2.000,0.000,1,472.181,1.004,14.003,0.641,0.184351,29.424,472.246,1.058,13.953,0.414,0.286737,14.125,10.074
125,2505,472,4.219,0,443.671,48.357,110.639,28.329,-1.000,0.000,1,470.343,2.031,13.318,0.515,0.184351,29.424,470.600,1.967,13.394,0.309,0.288289,13.489,9.600
127,2545,461,4.281,0,437.496,52.918,113.337,23.504,-18.000,0.000,1,467.046,-7.412,21.275,0.445,0.184351,29.424,467.308,-7.755,21.507,0.260,0.186601,21.575,17.549
128,2565,461,4.312,0,435.610,55.211,116.036,25.390,0.000,0.000,1,464.038,-3.725,21.951,0.332,0.184351,29.424,464.219,-3.987,22.159,0.157,0.192697,22.183,17.909
129,2585,466,4.344,0,435.610,57.586,117.385,30.390,5.000,0.000,1,462.485,4.309,19.149,0.933,0.184351,29.424,462.799,4.129,19.223,0.765,0.224698,19.809,15.358
130,2605,461,4.406,0,435.610,59.961,118.734,25.390,-5.000,0.000,1,460.759,0.296,16.656,0.557,0.184351,29.424,461.013,-0.018,16.791,0.386,0.262748,16.940,12.489
131,2625,463,4.422,0,426.521,62.335,118.734,36.479,2.000,0.000,1,459.235,4.616,17.407,0.790,0.184351,29.424,459.682,4.362,17.515,0.612,0.239325,17.889,13.608
132,2647,452,4.477,0,426.521,64.737,120.533,25.479,-1.000,0.000,1,453.909,-2.341,18.258,0.344,0.184351,29.424,453.917,-2.493,18.448,0.147,0.230737,18.470,14.208
133,2667,444,4.523,0,424.291,67.166,121.433,19.709,-8.000,0.000,1,450.101,-7.480,20.949,-0.132,0.184351,29.424,449.969,-7.489,20.975,-0.325,0.202944,21.081,16.803
134,2685,450,4.578,0,424.291,69.540,118.734,25.709,6.000,0.000,1,448.630,1.680,21.047,-0.099,0.184351,29.424,448.565,1.812,21.130,-0.279,0.207950,21.207,16.797
135,2705,454,4.492,0,424.291,71.942,120.083,29.709,4.000,0.000,1,447.661,7.772,23.892,0.205,0.184351,29.424,447.621,7.837,24.158,0.036,0.185974,24.159,19.666
136,2725,446,4.648,0,426.692,74.344,120.083,19.308,-8.000,0.000,1,445.396,0.741,21.308,-0.121,0.184351,29.424,445.386,0.781,21.701,-0.272,0.213884,21.775,17.118
137,2745,448,4.680,0,426.692,76.772,122.332,21.308,2.000,0.000,1,444.379,4.439,22.271,0.132,0.184351,29.424,444.465,4.449,22.681,0.015,0.205515,22.681,18.020
138,2765,444,4.883,0,412.457,79.201,121.433,31.543,-4.000,0.000,1,442.328,2.049,22.289,0.310,0.184351,29.424,442.444,1.963,22.633,0.212,0.207396,22.678,17.975
139,2785,439,4.828,0,412.457,81.684,121.433,26.543,-5.000,0.000,1,439.734,-0.900,21.341,0.472,0.184351,29.424,439.795,-1.015,21.615,0.382,0.217270,21.760,17.032
140,2805,438,4.883,0,412.457,84.166,124.131,25.543,-1.000,0.000,1,437.896,0.128,21.261,0.520,0.184351,29.424,437.947,0.067,21.548,0.425,0.216335,21.729,17.028
141,2825,439,4.953,0,410.056,86.622,122.782,28.944,1.000,0.000,1,436.096,3.560,19.699,0.973,0.184351,29.424,436.279,3.508,20.100,0.873,0.224515,20.862,16.178
142,2847,431,5.211,0,410.056,89.131,124.131,20.944,-4.000,0.000,1,431.804,-0.985,19.864,0.861,0.184351,29.424,431.921,-1.182,20.237,0.725,0.221460,20.762,16.164
143,2867,434,5.102,0,403.368,91.641,125.480,30.632,3.000,0.000,1,430.162,4.706,20.517,0.995,0.184351,29.424,430.383,4.589,20.889,0.856,0.211811,21.622,17.042
144,2887,424,5.250,0,403.368,94.151,125.480,20.632,-10.000,0.000,1,426.979,-3.652,16.166,0.268,0.184351,29.424,426.805,-3.873,16.695,0.130,0.275837,16.712,12.102
148,2965,418,5.500,0,386.732,104.351,127.729,31.268,-6.000,0.000,1,418.687,-0.843,14.842,0.768,0.184351,29.424,418.775,-1.035,15.459,0.723,0.251040,15.983,11.970
149,2985,413,5.438,0,386.732,106.915,128.179,26.268,-5.000,0.000,1,415.548,-3.124,14.709,0.381,0.184351,29.424,415.384,-3.211,15.428,0.345,0.257605,15.547,11.542
150,3005,423,5.672,0,386.732,109.478,127.729,36.268,10.000,0.000,1,415.359,9.368,17.411,1.042,0.184351,29.424,415.445,9.532,18.087,1.037,0.207352,19.162,15.189
151,3025,407,5.602,0,384.503,112.042,128.179,22.497,-16.000,0.000,1,411.727,-5.795,19.146,0.870,0.184351,29.424,411.695,-5.881,19.829,0.867,0.201616,20.581,16.431
152,3047,408,5.789,0,384.503,114.578,125.930,23.497,-1.000,0.000,1,407.384,0.756,15.579,1.189,0.184351,29.424,407.402,0.789,16.243,1.184,0.241804,17.645,13.378
153,3067,409,5.805,0,370.611,117.142,128.179,38.389,1.000,0.000,1,405.591,4.180,13.828,1.010,0.184351,29.424,405.980,4.162,14.439,1.000,0.274282,15.440,11.205
154,3087,408,6.039,0,370.611,119.651,125.480,37.389,-1.000,0.000,1,403.988,4.919,14.545,1.219,0.184351,29.424,404.593,4.530,15.025,1.188,0.247839,16.435,12.362
155,3105,401,6.023,0,370.611,122.161,125.930,30.389,-7.000,0.000,1,401.896,-1.099,14.218,0.942,0.184351,29.424,402.260,-1.704,14.816,0.880,0.260653,15.591,11.527
156,3125,407,5.984,0,368.210,124.698,125.480,38.790,6.000,0.000,1,400.790,7.613,16.305,1.220,0.184351,29.424,401.361,7.250,16.716,1.144,0.222153,18.026,14.022
157,3145,397,5.984,0,368.210,127.153,125.480,28.790,-10.000,0.000,1,398.045,-1.281,16.392,1.201,0.184351,29.424,398.431,-1.851,16.930,1.103,0.226769,18.146,14.031
158,3165,401,6.258,0,370.440,129.636,124.131,30.560,4.000,0.000,1,397.071,4.817,16.934,1.435,0.184351,29.424,397.538,4.431,17.383,1.321,0.218630,19.127,14.945
159,3185,401,6.312,0,370.440,132.092,122.782,30.560,0.000,0.000,1,395.792,6.385,17.913,1.577,0.184351,29.424,396.329,5.918,18.185,1.441,0.210610,20.263,15.995
160,3205,393,6.453,0,370.440,134.520,121.433,22.560,-8.000,0.000,1,393.296,-0.363,18.092,1.488,0.184351,29.424,393.706,-0.900,18.446,1.335,0.215980,20.228,15.859
161,3225,394,6.477,0,360.664,136.922,122.332,33.336,1.000,0.000,1,391.929,2.539,17.810,1.664,0.184351,29.424,392.333,2.129,18.133,1.500,0.217087,20.384,15.959
162,3247,379,6.430,0,360.664,139.324,118.734,18.336,-12.000,0.000,1,386.356,-9.018,21.457,1.234,0.184351,29.424,386.588,-9.396,21.954,1.048,0.192449,23.053,18.616
164,3287,385,6.719,0,358.092,144.154,120.083,26.908,2.000,0.000,1,382.026,3.646,19.114,1.353,0.184351,29.424,382.294,3.485,19.467,1.105,0.223538,20.689,16.064
165,3305,382,6.781,0,358.092,146.556,118.734,23.908,-3.000,0.000,1,380.569,1.755,18.766,1.242,0.184351,29.424,380.855,1.487,19.014,0.976,0.229940,19.966,15.375
166,3325,387,6.859,0,352.947,148.957,120.083,34.053,5.000,0.000,1,379.796,8.833,21.196,1.726,0.184351,29.424,380.098,8.547,21.449,1.455,0.192464,23.565,19.029
167,3345,376,7.148,0,352.947,151.305,120.083,23.053,-11.000,0.000,1,377.137,-1.394,20.499,1.812,0.184351,29.424,377.356,-1.697,20.851,1.530,0.201029,23.193,18.531
168,3365,373,7.133,0,342.486,153.680,116.935,30.514,-3.000,0.000,1,374.944,-2.383,18.179,1.224,0.184351,29.424,374.954,-2.602,18.135,0.924,0.248842,18.989,14.263
169,3385,373,7.266,0,342.486,156.081,118.734,30.514,0.000,0.000,1,372.648,0.431,15.650,1.536,0.184351,29.424,372.690,0.421,15.734,1.239,0.263454,17.268,12.719
170,3405,371,7.383,0,342.486,158.429,118.734,28.514,-2.000,0.000,1,370.408,0.726,15.536,1.580,0.184351,29.424,370.488,0.684,15.653,1.280,0.251627,17.291,12.940
171,3425,361,7.477,0,339.570,160.777,116.935,21.430,-10.000,0.000,1,367.243,-7.654,19.589,1.160,0.184351,29.424,367.108,-7.734,19.522,0.853,0.210173,20.250,15.994
172,3445,361,7.508,0,339.570,163.097,117.385,21.430,0.000,0.000,1,364.177,-3.895,20.247,0.756,0.184351,29.424,363.944,-3.761,19.882,0.457,0.217087,20.091,15.730
173,3467,354,7.734,0,334.425,165.472,116.935,19.575,1.000,0.000,1,357.610,-4.425,24.393,-0.096,0.184351,29.424,357.345,-4.152,23.351,-0.320,0.194320,23.454,18.896
174,3487,357,7.844,0,334.425,167.820,117.385,22.575,3.000,0.000,1,355.582,1.738,21.503,-0.390,0.184351,29.424,355.442,2.003,20.687,-0.582,0.222195,21.026,16.354
175,3505,353,7.867,0,334.425,170.194,118.734,18.575,-4.000,0.000,1,353.654,-0.801,21.471,-0.366,0.184351,29.424,353.514,-0.661,20.603,-0.523,0.221962,20.877,16.243
176,3525,349,8.062,0,329.108,172.542,117.385,19.892,-4.000,0.000,1,350.881,-2.306,20.189,-0.722,0.184351,29.424,350.671,-2.167,19.403,-0.853,0.228779,20.130,15.525
177,3545,351,7.969,0,329.108,174.944,118.734,21.892,2.000,0.000,1,348.966,2.494,18.143,-0.917,0.184351,29.424,348.953,2.704,17.717,-1.014,0.242829,18.745,14.193
178,3565,347,8.164,0,318.304,177.264,118.734,28.696,-4.000,0.000,1,347.151,-0.185,18.154,-0.908,0.184351,29.424,347.131,-0.172,17.751,-0.977,0.237707,18.705,14.259
179,3585,351,8.273,0,318.304,179.639,118.734,32.696,4.000,0.000,1,345.923,6.224,20.069,-0.724,0.184351,29.424,346.098,6.244,19.833,-0.771,0.214876,20.428,16.038
180,3605,342,8.438,0,318.304,181.987,116.036,23.696,-9.000,0.000,1,343.307,-1.603,19.843,-0.877,0.184351,29.424,343.392,-1.777,19.694,-0.914,0.216588,20.529,16.082
181,3625,344,8.359,0,313.331,184.362,118.734,30.669,2.000,0.000,1,341.982,2.474,16.761,-0.303,0.184351,29.424,342.264,2.389,16.294,-0.324,0.273378,16.400,11.916
182,3645,338,8.578,0,313.331,186.682,117.385,24.669,-6.000,0.000,1,339.333,-1.635,16.829,-0.338,0.184351,29.424,339.423,-1.917,16.385,-0.362,0.257789,16.516,12.258
183,3667,341,8.719,0,315.903,189.030,116.935,25.097,0.000,0.000,1,336.899,5.028,18.170,-0.156,0.184351,29.424,337.396,4.700,17.641,-0.180,0.233261,17.673,13.551
184,3687,333,8.961,0,315.903,191.405,118.734,17.097,-8.000,0.000,1,334.243,-1.524,13.956,-0.674,0.184351,29.424,334.430,-2.022,13.724,-0.708,0.292495,14.225,10.065
185,3707,335,9.117,0,315.903,193.806,120.083,19.097,2.000,0.000,1,332.424,3.159,14.613,-0.446,0.184351,29.424,332.835,2.971,14.298,-0.475,0.271559,14.523,10.579
186,3725,331,9.344,0,305.270,196.208,120.533,25.730,-4.000,0.000,1,330.686,0.384,14.440,-0.308,0.184351,29.424,331.020,-0.027,14.065,-0.346,0.273033,14.185,10.312
187,3745,327,9.234,0,305.270,198.610,118.734,21.730,-4.000,0.000,1,328.070,-1.312,14.456,-0.395,0.184351,29.424,328.207,-1.645,14.109,-0.449,0.266607,14.311,10.496
188,3765,328,9.352,0,294.809,201.038,122.332,33.191,1.000,0.000,1,326.560,1.765,14.624,-0.343,0.184351,29.424,326.801,1.628,14.259,-0.402,0.263395,14.420,10.622
189,3785,322,9.539,0,294.809,203.467,121.433,27.191,-6.000,0.000,1,323.739,-2.132,12.035,-0.067,0.184351,29.424,323.603,-2.372,11.693,-0.134,0.324293,11.711,7.913
190,3805,321,9.727,0,294.809,205.923,121.433,26.191,-1.000,0.000,1,321.253,-0.310,11.273,0.112,0.184351,29.424,321.118,-0.174,11.003,0.045,0.324041,11.005,7.439
191,3825,317,9.828,0,288.806,208.378,122.332,28.194,-4.000,0.000,1,318.972,-2.418,7.518,0.432,0.184351,29.424,318.257,-2.283,7.465,0.360,0.449117,7.594,4.183
192,3845,316,10.039,0,288.806,210.861,124.131,27.194,-1.000,0.000,1,316.399,-0.490,6.342,0.628,0.184351,29.424,315.871,0.225,6.400,0.579,0.427462,6.735,3.856
193,3867,309,10.359,0,291.893,213.343,124.131,17.107,-10.000,0.000,1,312.256,-3.992,8.238,0.636,0.184351,29.424,312.017,-4.359,8.707,0.574,0.307997,9.037,6.254
194,3887,311,10.516,0,291.893,215.880,126.830,19.107,2.000,0.000,1,309.955,1.281,7.794,0.815,0.184351,29.424,309.979,1.520,8.342,0.758,0.328121,8.918,5.992
195,3907,312,10.703,0,291.893,218.444,128.179,20.107,1.000,0.000,1,308.241,4.608,8.361,0.921,0.184351,29.424,308.831,4.585,8.876,0.853,0.308852,9.603,6.637
196,3925,305,10.922,0,288.978,220.980,125.930,16.022,-7.000,0.000,1,306.103,-1.352,8.555,0.863,0.184351,29.424,306.337,-1.942,9.207,0.764,0.311523,9.790,6.740
197,3945,305,10.945,0,288.978,223.544,128.179,16.022,0.000,0.000,1,303.809,1.460,7.079,0.625,0.184351,29.424,304.254,1.226,7.653,0.513,0.391568,7.916,4.817
198,3965,306,11.266,0,274.228,226.134,128.179,31.772,1.000,0.000,1,302.122,4.755,7.583,0.942,0.184351,29.424,303.122,4.310,8.019,0.818,0.332217,8.687,5.801
199,3985,292,11.398,0,274.228,228.671,127.729,17.772,-14.000,0.000,1,298.693,-8.206,11.365,0.408,0.184351,29.424,299.074,-9.206,12.583,0.238,0.231595,12.639,9.712
201,4025,297,11.844,0,268.397,233.852,129.528,28.603,0.000,0.000,1,294.818,2.675,10.771,0.468,0.184351,29.424,295.336,2.325,11.891,0.279,0.284281,11.969,8.566
202,4045,292,11.961,0,268.397,236.443,130.877,23.603,-5.000,0.000,1,292.164,-0.201,9.686,0.207,0.184351,29.424,292.492,-0.719,10.890,0.008,0.315445,10.890,7.455
203,4067,287,12.430,0,262.224,239.033,131.327,24.776,-3.000,0.000,1,287.592,-0.726,9.135,0.107,0.184351,29.424,287.679,-0.999,10.287,-0.087,0.320599,10.295,6.994
204,4087,290,12.570,0,262.224,241.597,128.179,27.776,3.000,0.000,1,285.945,4.971,10.262,0.337,0.184351,29.424,286.494,4.885,11.462,0.159,0.282248,11.487,8.245
205,4107,278,12.719,0,262.224,244.160,128.179,15.776,-12.000,0.000,1,282.389,-5.381,11.719,0.133,0.184351,29.424,282.425,-5.931,13.108,-0.055,0.253776,13.111,9.783
206,4125,279,12.805,0,259.479,246.697,125.930,19.521,1.000,0.000,1,280.224,-1.500,11.693,-0.030,0.184351,29.424,280.128,-1.537,13.050,-0.214,0.265942,13.096,9.613
207,4145,280,13.242,0,259.479,249.233,128.179,20.521,1.000,0.000,1,278.092,2.340,11.703,0.193,0.184351,29.424,278.225,2.436,13.111,0.027,0.271258,13.111,9.555
208,4165,270,13.273,0,244.730,251.770,126.830,25.270,-10.000,0.000,1,274.531,-5.555,13.274,-0.069,0.184351,29.424,274.301,-5.688,14.666,-0.249,0.243880,14.728,11.136
209,4185,271,13.461,0,244.730,254.307,127.729,26.270,1.000,0.000,1,272.317,-1.615,13.116,-0.029,0.184351,29.424,272.032,-1.385,14.522,-0.204,0.255152,14.563,10.847
210,4205,270,13.953,0,244.730,256.843,124.131,25.270,-1.000,0.000,1,269.865,0.165,13.106,0.004,0.184351,29.424,269.666,0.451,14.534,-0.193,0.258580,14.571,10.803
211,4225,270,14.086,0,238.557,259.326,126.830,31.443,0.000,0.000,1,267.821,2.671,12.157,-0.117,0.184351,29.424,267.941,2.871,13.300,-0.330,0.282915,13.409,9.615
212,4245,263,14.141,0,238.557,261.781,124.131,24.443,-7.000,0.000,1,265.414,-2.959,11.808,-0.065,0.184351,29.424,265.194,-3.079,12.862,-0.266,0.287666,12.933,9.212
213,4267,260,14.688,0,232.897,264.237,122.332,27.103,-2.000,0.000,1,260.772,-0.946,10.552,-0.455,0.184351,29.424,260.481,-0.693,11.404,-0.643,0.305722,11.817,8.204
214,4287,255,14.930,0,232.897,266.666,121.433,22.103,-5.000,0.000,1,257.727,-3.343,10.919,-0.554,0.184351,29.424,257.167,-3.053,11.607,-0.698,0.290071,12.095,8.586
215,4307,257,15.312,0,232.897,269.040,118.734,24.103,2.000,0.000,1,255.656,1.648,10.958,-0.545,0.184351,29.424,255.421,2.208,11.842,-0.649,0.284647,12.263,8.772
216,4325,255,15.633,0,235.984,271.442,118.734,19.016,-2.000,0.000,1,254.082,1.125,9.661,-0.726,0.184351,29.424,254.056,1.360,10.792,-0.797,0.306037,11.427,7.930
217,4345,250,15.992,0,235.984,273.817,120.083,14.016,-5.000,0.000,1,251.371,-1.681,6.803,-0.400,0.184351,29.424,250.881,-1.654,7.150,-0.419,0.467756,7.326,3.899
219,4385,249,16.836,0,223.807,278.620,118.734,25.193,8.000,0.000,1,246.324,3.281,9.617,-0.813,0.184351,29.424,245.842,4.391,10.291,-0.715,0.280941,10.803,7.768
220,4405,243,17.148,0,223.807,281.049,121.433,19.193,-6.000,0.000,1,243.730,-0.895,9.598,-0.848,0.184351,29.424,243.292,-0.414,10.296,-0.700,0.295048,10.786,7.604
221,4425,239,17.188,0,214.032,283.477,121.433,24.968,-4.000,0.000,1,240.877,-2.302,9.611,-0.981,0.184351,29.424,240.312,-1.863,10.326,-0.796,0.295948,10.960,7.716
222,4445,241,17.844,0,214.032,285.879,120.533,26.968,2.000,0.000,1,239.425,1.931,10.014,-0.849,0.184351,29.424,239.234,2.496,10.836,-0.621,0.292622,11.221,7.938
223,4465,236,18.094,0,207.686,288.281,120.083,28.314,-5.000,0.000,1,236.835,-1.024,8.232,-1.148,0.184351,29.424,236.558,-0.832,9.241,-0.907,0.330196,10.063,6.740
224,4487,237,18.625,0,207.686,290.709,120.533,29.314,3.000,0.000,1,233.349,4.477,8.640,-0.601,0.184351,29.424,233.782,4.729,9.213,-0.303,0.319475,9.305,6.332
225,4507,233,19.148,0,207.686,293.084,118.734,25.314,-4.000,0.000,1,231.347,2.026,8.552,-0.616,0.184351,29.424,231.934,1.593,9.016,-0.345,0.330913,9.136,6.112
226,4525,229,19.352,0,197.911,295.486,120.533,31.089,-4.000,0.000,1,229.440,-0.539,7.270,-0.366,0.184351,29.424,229.677,-1.126,7.567,-0.117,0.398718,7.581,4.558
227,4545,223,19.625,0,197.911,297.860,117.385,25.089,-6.000,0.000,1,226.338,-4.092,7.871,-0.490,0.184351,29.424,225.881,-4.329,8.352,-0.265,0.334528,8.422,5.605
228,4565,219,20.031,0,191.394,300.208,118.734,27.606,-4.000,0.000,1,223.048,-4.963,8.784,-0.746,0.184351,29.424,222.132,-4.506,9.165,-0.512,0.304954,9.428,6.553
229,4585,222,20.461,0,191.394,302.529,116.935,30.606,3.000,0.000,1,221.424,0.706,8.296,-0.844,0.184351,29.424,220.910,1.622,8.816,-0.575,0.327784,9.147,6.149
230,4605,216,20.297,0,191.394,304.850,117.385,24.606,-6.000,0.000,1,218.509,-3.077,8.322,-0.850,0.184351,29.424,217.704,-2.562,8.700,-0.549,0.335012,9.001,5.986
231,4625,216,20.477,0,184.877,307.197,116.036,31.123,0.000,0.000,1,216.154,-0.189,8.342,-0.812,0.184351,29.424,215.589,0.617,8.761,-0.481,0.334181,8.993,5.988
232,4645,210,20.461,0,184.877,309.518,115.136,25.123,-6.000,0.000,1,213.611,-4.427,8.964,-0.986,0.184351,29.424,212.669,-3.862,9.305,-0.640,0.308909,9.715,6.714
233,4665,206,20.250,0,188.135,311.839,117.385,17.865,-4.000,0.000,1,210.293,-5.263,9.592,-1.082,0.184351,29.424,209.017,-4.321,9.688,-0.703,0.301885,10.182,7.109
234,4687,206,20.961,0,188.135,314.213,118.734,17.865,-3.000,0.000,1,206.310,-0.381,9.211,-1.188,0.184351,29.424,205.743,0.375,9.560,-0.748,0.313880,10.119,6.943
235,4707,203,20.750,0,188.135,316.588,118.734,14.865,-3.000,0.000,1,203.763,-0.936,9.201,-1.151,0.184351,29.424,203.251,-0.368,9.522,-0.683,0.318278,9.989,6.809
237,4745,197,20.883,0,181.618,321.391,122.332,15.382,-1.000,0.000,1,198.573,-1.929,6.174,-1.182,0.184351,29.424,197.484,-0.844,6.166,-0.715,0.426581,6.677,3.829
238,4765,197,21.016,0,175.102,323.820,118.734,21.898,0.000,0.000,1,196.346,0.801,6.360,-1.097,0.184351,29.424,195.836,1.891,6.488,-0.600,0.384572,6.847,4.214
239,4785,190,21.922,0,175.102,326.222,122.332,14.898,-7.000,0.000,1,193.680,-4.511,6.858,-1.208,0.184351,29.424,192.598,-4.001,6.975,-0.707,0.350616,7.474,4.854
240,4805,188,21.227,0,175.102,328.704,122.782,12.898,-2.000,0.000,1,190.630,-3.224,6.502,-1.466,0.184351,29.424,189.360,-2.143,6.511,-0.939,0.365488,7.392,4.690
241,4825,189,21.531,0,168.585,331.160,122.782,20.415,1.000,0.000,1,188.326,0.826,6.746,-1.373,0.184351,29.424,187.655,2.096,6.950,-0.792,0.358218,7.577,4.863
242,4845,183,22.031,0,168.585,333.643,124.131,14.415,-6.000,0.000,1,185.826,-3.464,6.895,-1.526,0.184351,29.424,184.832,-2.793,7.110,-0.925,0.344194,7.966,5.224
243,4865,186,21.359,0,162.068,336.098,124.131,23.932,3.000,0.000,1,183.833,2.657,5.960,-1.617,0.184351,29.424,183.708,3.651,6.556,-0.979,0.372366,7.515,4.716
244,4887,176,22.117,0,162.068,338.554,122.332,13.932,-2.000,0.000,1,178.381,-2.920,5.326,-2.006,0.184351,29.424,177.498,-2.285,6.478,-1.279,0.344646,8.115,5.318
245,4907,176,22.094,0,162.068,340.982,121.433,13.932,0.000,0.000,1,175.962,0.047,5.277,-1.799,0.184351,29.424,175.434,0.931,6.188,-1.016,0.392316,7.221,4.388
246,4927,171,21.422,0,151.949,343.411,121.433,19.051,-5.000,0.000,1,173.066,-2.533,4.788,-1.678,0.184351,29.424,172.154,-2.006,5.612,-0.891,0.424798,6.406,3.685
247,4945,171,21.969,0,151.949,345.786,118.734,19.051,0.000,0.000,1,171.232,-0.285,4.599,-1.727,0.184351,29.424,170.628,0.627,5.409,-0.941,0.407552,6.295,3.729
248,4965,169,22.000,0,141.831,348.160,118.734,27.169,-2.000,0.000,1,168.884,0.142,4.657,-1.566,0.184351,29.424,168.567,0.746,5.393,-0.776,0.420378,5.994,3.474
249,4985,166,21.633,0,141.831,350.535,118.734,24.169,-3.000,0.000,1,166.415,-0.509,4.617,-1.582,0.184351,29.424,166.113,-0.193,5.311,-0.816,0.411666,5.977,3.517
